,elbow,silh,dbi,ch
1,122529.47969915892,0.21822739058133309,2.0085470417735234,2538.769762384091
