,elbow,silh,dbi,ch
1,155332.2053077489,0.26367724538202736,1.426749287954494,2482.562349928197
