,elbow,silh,dbi,ch
1,77757.30939540996,0.2181854929088578,1.990310053875099,1785.9518562453814
