,elbow,silh,dbi,ch
1,95552.62121556947,0.13968814083872405,2.1930536150146183,1393.476355661176
